id,type,MG1655_ref_genome_location,EL2539_genome_location,homology_5,homology_3,homology_3_rc,first_8_set,BC,codeID,distance_to_ori,genotyping_code_1,genotyping_code_2,genotyping_code_3,genotyping_code_4,genotyping_code_5,genotyping_code_6,genotyping_code_7
1,intergenic,19706,19706,ACATTACCACGATTTTGACTCGGCTCATTATTTGCCCGCT,TGAGACATTGTTTCCATATGTACGCGGGCGAATAAATAGA,TCTATTTATTCGCCCGCGTACATATGGAAACAATGTCTCA,0,GGAGTGCCTTACAATACCGTGATTTCTATG,327,735498,4,1,3,4,3,3,2
2,intergenic,89106,89106,CCTCTGGCGCGTAGAGTACGGGACTGGACATCAATATGCT,TAAAGTAAATAAGACTATTCCTGACTATTATTGATAAATG,CATTTATCAATAATAGTCAGGAATAGTCTTATTTACTTTA,0,GGCGGGCGTCGAAGATTTGTCACACTTAAG,335,804898,3,1,1,3,2,3,2
3,intergenic,138683,138683,ATTCGGAAATATGCCCGGATCTCTCCGGGCATTAAACTGA,TGACAAACGCAAATCTGCCTGATGCGCTACGCTTATCAGG,CCTGATAAGCGTAGCGCATCAGGCAGATTTGCGTTTGTCA,0,GAAGCAGCTGGCCCGACAAGACTATATGAG,380,854475,2,4,2,1,4,1,4
4,intergenic,184205,184205,TGTGATCGCAGAAAGCCTTTTTCTTCCAGACTTCTATCAT,GGCGTAAAAATCAAAAAATTACCTGCTTTATTCTGGTGAT,ATCACCAGAATAAAGCAGGTAATTTTTTGATTTTTACGCC,0,GGCCGTCTCCTAATCTAGGAGGAAGTCTAG,432,899997,3,4,1,1,4,3,3
5,pseudo,238915,238915,TTGAGCATCGATTTCATTTAAAACAACTGTACACACTATC,CCTGTCAGTAAAATTGCTCCTCCGACAAGAATTACTGGAA,TTCCAGTAATTCTTGTCGGAGGAGCAATTTTACTGACAGG,0,GGTGGGTCTTATATATTCCGTTTGAACGAG,441,954707,1,1,1,1,2,2,3
6,pseudo,278988,278212,CCACGCGGTTGAGGATGTAAGCCGTCGCTACGCGGGTATC,CGGCGTGACGAGGAACACAATGGCGCTGACGGTGGTAATG,CATTACCACCGTCAGCGCCATTGTGTTCCTCGTCACGCCG,0,GCCGAGAGGCGTGTCAGAATTTATACTCAG,312,994780,2,2,1,3,1,2,2
7,pseudo,317503,316727,ATGGCACAAATTAGTTCGCTTGATTTGGGTTATGTTGGGG,AGTCGGTAAAACATTTTAATCCTGAATTTGTTCGTGGTTG,CAACCACGAACAAATTCAGGATTAAAATGTTTTACCGACT,0,GCCGGCTAAACGATTCCTGGATCCTACATG,313,1033295,3,4,1,4,3,4,4
8,intergenic,361200,360424,CCTGCGCTTTGTTCATGCCGGATGCGGCTAATGTAGATCG,CTGAACTTGTAGGCCTGATAAGCGCAGCGTATCAGGCAAT,ATTGCCTGATACGCTGCGCTTATCAGGCCTACAAGTTCAG,0,GCATATCCTTGTGTACGTCACTTTGGCATG,310,1076992,4,2,3,1,4,2,2
9,pseudo,390696,389920,GGATATGATTTTTACACTGATGCGGTTGTTGATACACACT,GGCGTGATGGTGATGTTTTCACTTTGAACATTGCTAACAC,GTGTTAGCAATGTTCAAAGTGAAAACATCACCATCACGCC,0,GATGATCTGTACCTAGATTCAATCCGACAG,296,1106488,4,2,4,2,2,3,4
10,intergenic,419261,418485,GATGCTGGCTTATTTTCTTTGCAGTCAAAATACGGGCGTT,AGATTTTACAACGATTGGTGATTTTTTGTTCGCATGATTA,TAATCATGCGAACAAAAAATCACCAATCGTTGTAAAATCT,0,GTTGCCTCCAATCTTTGAGTTCCAAATCAG,370,1135053,2,2,4,1,2,4,1
11,intergenic,478731,477955,GTAGAGCTGGTATTTCATGAAGTGATGGGTGGAAACGATC,ATTGTCATTTGACCAGGCGCAGAGCTTTACGCCTGGTATG,CATACCAGGCGTAAAGCTCTGCGCCTGGTCAAATGACAAT,1,GAACGTGACGATGGAAGGCATGGACAGGTG,276,1194523,2,1,4,4,1,1,4
12,intergenic,529635,528859,ATCGAGAACTCCATACAACTTTTTACGGAACGTCACCTGA,TAAAATTTGTTCAGTATCGTCTTTTGAGATTCTCAAGGTT,AACCTTGAGAATCTCAAAAGACGATACTGAACAAATTTTA,0,GATAGCCATGCGGGATGTAAGATAATATCG,292,1245427,1,3,3,3,1,2,1
13,pseudo,582479,581703,GAAGGTAAGACATGGAAATGGAATCAAATTGACCATGTAA,CGCCGCGGGATAAGGTTCAAAAACATCATGGCTAATTTTA,TAAAATTAGCCATGATGTTTTTGAACCTTATCCCGCGGCG,0,GATATAAGGCGTTACACCAGGATGCAAGAG,293,1298271,4,4,4,3,3,1,1
14,intergenic,609415,608639,CAGGTCAGGATGGTAAGGCACCTGCTTTACACTTTCGCCC,GTGGTCAGTGATGGCTGCGGGCGAATCGTACCAGATGTTG,CAACATCTGGTACGATTCGCCCGCAGCCATCACTGACCAC,0,GTGTGGTATAAAGCCTGATAGAATGGCTAG,468,1325207,4,2,1,2,3,2,1
15,intergenic,675535,674759,CCGTAATAGTCTGATTTCGCACAGCAATAAAGAGAATATG,GGCCGAATGAAATTCCCCGGCCCTTGTTTTTATCTCTACA,TGTAGAGATAAAAACAAGGGCCGGGGAATTTCATTCGGCC,0,GGCATCTCGTCAAATAAACCTACCGTCTTG,328,1391327,4,1,3,1,1,1,3
16,pseudo,716795,716019,GTAATAAAATGGCGAGGCCGGGCCGGATCCTGTTCCAGTT,TTTGTCGCAGATGCCCCATATAATTACGCAAATAGTTGCT,AGCAACTATTTGCGTAATTATATGGGGCATCTGCGACAAA,0,GCGCCGAATGGTTCTGATATCATTCATAGG,317,1432587,1,4,1,1,1,1,4
17,intergenic,753051,752275,GTTTTTAATTGAAAGTATTGGGTTGCTGATAATTTGAGCT,GTTCTATTCTTTTTAAATATCTATATAGGTCTGTTAATGG,CCATTAACAGACCTATATAGATATTTAAAAAGAATAGAAC,0,GCGATTTCTCACATCCATTCATATCTGGCG,418,1468843,2,2,2,4,3,3,1
18,intergenic,820655,819879,CATGTGTCGGGATTTTTTTCTTACTAAAAACGACACTTAA,CAAGTACCAGGTATAAAATATGCCTTATGGACGAGCGGAA,TTCCGCTCGTCCATAAGGCATATTTTATACCTGGTACTTG,0,GGACCTGTTTGAGAAACGCCAAGCCTCGAG,325,1536447,3,4,4,4,3,3,3
19,intergenic,857741,856965,CGCCGCATCAGGCATTAACAAAGCGCATTTGTCAGCAATC,TGAGTAACGTCGAATCGATTTTCTTAATCCCACATCAATT,AATTGATGTGGGATTAAGAAAATCGATTCGACGTTACTCA,0,GATAAAGAGGCCCATCCCTTTCCTACTTCG,398,1573533,1,4,3,3,3,3,4
20,intergenic,925823,925047,CACAGGTAACATACTCCACCCGCCCACCATGTTCACTGCC,GTACAGACAGATAAAATGCGAAAAAAAAGCTCGCACTTTC,GAAAGTGCGAGCTTTTTTTTCGCATTTTATCTGTCTGTAC,0,GGTGACCGCATGGATGAAGTGGCCTATACG,347,1641615,2,1,2,2,2,1,1
21,intergenic,950296,949520,TAAGATGTGTTAAAAACGCTGTAGCAGAATGAAGCGCGGA,ATAAAAAAGCGGCAACTCAATAAAGTTGCCGCTTTACGGG,CCCGTAAAGCGGCAACTTTATTGAGTTGCCGCTTTTTTAT,0,GAGGACAAGTCCAAACCGAACCAACTTTAG,289,1666088,2,3,2,3,4,4,3
22,intergenic,1007651,1006875,TCAAATGAAAATAAGCCCTCAACTTTATGACATGACGCGC,TTATTAGCTATAATGCGCAACAATTTTCTTAGCGCCTGTC,GACAGGCGCTAAGAAAATTGTTGCGCATTATAGCTAATAA,0,GATCTACATAAGCGATGTTCACATTGGCGG,295,1723443,1,2,4,4,2,2,2
23,intergenic,1050621,1049845,TTGAGTATAACATCCTTGTGAAATCTCCCTTTCCTCATAC,CGCTTGCACTATATACTGCGGGTAGGAAAGGCGCGCAGAG,CTCTGCGCGCCTTTCCTACCCGCAGTATATAGTGCAAGCG,0,GCAGCGGTTCCGACAATCAATGCGTTCTCG,307,1766413,4,4,2,4,2,4,4
24,intergenic,1095536,1094760,AAGATCAGTGCCTGGCACACGCGTTTGATGGAAGACGGCG,TTCAGGCAATGCGCGATTATCTTGCCGGACTGGATATCGC,GCGATATCCAGTCCGGCAAGATAATCGCGCATTGCCTGAA,1,GAAGGTTGATTCTCCTCTAATACATCTGGG,278,1811328,1,1,1,3,1,3,3
25,intergenic,1141084,1140308,GCTGGGGCGGGCATTTTTTTGCCTATTTTGCATTGTTGGT,TAGCAAGGATGCCATTCGATGAATTTTAATATGTTGATTC,GAATCAACATATTAAAATTCATCGAATGGCATCCTTGCTA,0,GGGCATGGTATAAGTTATGAGGGATCAACG,342,1856876,4,3,1,4,1,3,1
26,pseudo,1211528,1210752,ACCGTAACTTATGACTTCGAACGTCTGATGGAAGGCGCTA,AGCTGCTGAAATGTTCAGAGTTTGGTGAAGCGATCATCGA,TCGATGATCGCTTCACCAAACTCTGAACATTTCAGCAGCT,0,GTTAGATACTCGAGTGTTATCGAAGCAGGG,369,1927320,1,3,1,4,3,4,3
27,intergenic,1247573,1246797,GTGATCAAATAACGTCTGTTTATTAGCCAGCCAGCGGCGT,TGGGTTCGTGATTAGCGAAGAAAAATCATCATAAATTGGT,ACCAATTTATGATGATTTTTCTTCGCTAATCACGAACCCA,0,GGGAGCAAGAGAGAGATACTGTGCCATCCG,436,1963365,1,4,1,4,4,3,2
28,pseudo,1294874,1294098,CATAACCGGGTAGGCGTTCTGCCGCTTAGTGGATGTGTTG,GCAGACCCATAATATTCACGCAGCTCGGGTTTATCAGGTG,CACCTGATAAACCCGAGCTGCGTGAATATTATGGGTCTGC,0,GTCCGATTCGCTTTCTTGAAGCATCCGGTG,359,2010666,1,3,4,1,4,3,3
29,intergenic,1343534,1341559,TGAGAGTGTTAATAACAGGTAAATAGTCTTAATTATCAAC,CAGGAATCATCTTAGAGCGGATGATTTGCCAAACTGCAAA,TTTGCAGTTTGGCAAATCATCCGCTCTAAGATGATTCCTG,0,GAGGGACAGCATAACCTCTTGGGCTTAGCG,395,2059326,3,4,4,1,4,2,2
30,pseudo,1381955,1379980,GGCATTCCCCCAGGATAATACAAGGAACAATAATGAAAAA,GTTATTACCCTGTACCGCACTGGTGATGTGTGCGGGAATG,CATTCCCGCACACATCACCAGTGCGGTACAGGGTAATAAC,0,GGCTGAATCGAAAGCAGCGTCTTAGGTGTG,337,2097747,1,2,1,2,4,1,1
31,pseudo,1434983,1433008,TGATTTTTGCCCTTACTTGTTCAGGTTGTATTGTTCTTTC,TTACTAATTTCTTGATTTTGCGACATTTAAAAGCGACTCA,TGAGTCGCTTTTAAATGTCGCAAAATCAAGAAATTAGTAA,0,GTCATGGGATACTGTCAAATCTGCAGCTGG,357,2150775,4,1,4,4,4,4,1
32,pseudo,1490213,1488238,CAGTATAGGCATGAATGGTCGTCATCGTGCCGACTTCTAT,CCCGAAACTGTCATGCAAGGCTTTGGCCATCGGCGCAAGA,TCTTGCGCCGATGGCCAAAGCCTTGCATGACAGTTTCGGG,0,GAGACCTCTTGTCAACGACGTGGGCATTGG,388,2206005,2,1,3,3,1,1,1
33,intergenic,1544332,1542357,TTCAACCCTTCAGATCGTGAATCTAAAGGGTTACATATTA,ACTATATTATCAACAAGACCAGACACTTATAGAATTAGTG,CACTAATTCTATAAGTGTCTGGTCTTGTTGATAATATAGT,0,GTTCCCGCTAGCCACCTAATTGAGACTGGG,471,2260124,4,2,1,1,2,3,3
34,pseudo,1595375,1593400,GTTCCAGCAAATTGAGCGTCGTCAGAGGGTTATTCGCCAT,GGGATCATTCCACGGTTTAGGCACGTCGATAAGCACGTCG,CGACGTGCTTATCGACGTGCCTAAACCGTGGAATGATCCC,0,GCATCTCATACTACCTACTGTTTCCATCTG,311,2311167,1,1,2,1,1,2,1
35,intergenic,1637533,1635558,ACTGCATTGGTTTAATAAAAACCATCAACAATTGTGATTT,AGATATTCGGAACCATTCAAATATAACAAAACCCCGTAAA,TTTACGGGGTTTTGTTATATTTGAATGGTTCCGAATATCT,1,GAATTACACAAAGGAACGGTCATTTGGCCG,280,2288327,2,3,3,4,2,1,4
36,intergenic,1691393,1689418,AGCAGTAATTCACGGCCAAAACGCCGGAGAATTTTCACTC,CGGCGTTTTCATCTGAAAACAAACCAGAGATTGCCTGATG,CATCAGGCAATCTCTGGTTTGTTTTCAGATGAAAACGCCG,0,GCTTTAACTTCAAGCAAAGCAGGGCCCAAG,426,2234467,2,2,3,3,2,2,3
37,intergenic,1746351,1743175,AAAATATAGCCAATTTGCTTAAAAGCTCTGCAAACGGTCG,AAATAGCGCAGAAAATTACGTTTTGCCTCTTGCCACCTTC,GAAGGTGGCAAGAGGCAAAACGTAATTTTCTGCGCTATTT,0,GAACGTTCCCAAAGCCAGAACAGCACGGTG,378,2179509,2,1,1,2,1,4,2
38,intergenic,1770230,1767054,CTCATCAGGCGGCTCTGCCGCCTGATTGTTAACCACCGCT,AATTGATATTTGCTTGCTCTTCCCCATATTTTCCTGCTTA,TAAGCAGGAAAATATGGGGAAGAGCAAGCAAATATCAATT,0,GGTGCGTGGATAAAGGTGATTACCATCTAG,349,2155630,3,2,1,1,1,1,2
39,intergenic,1843762,1840586,ATGCCTGATGGCGCTACGCTTATCAGGCCTACAAATGGGC,ACAATTCATTGCAGTTACGCTCTAATGTAGGCCGGGCAAG,CTTGCCCGGCCTACATTAGAGCGTAACTGCAATGAATTGT,0,GAGTCATCAGTTTAAGGTCGTACAATAGGG,397,2082098,2,4,4,2,1,2,1
40,intergenic,1893823,1890647,GAGAATAAGATATTACTGTTGATGCTTCTGCTAATTCATT,ATTTATATTTATAATTTCAATTTTATCTATAAAACTAACT,AGTTAGTTTTATAGATAAAATTGAAATTATAAATATAAAT,0,GTCCTAAGGATATACGTAATCTGAGGAAGG,454,2032037,3,3,4,3,3,1,2
41,intergenic,1939174,1935998,TTCAATGATAGTTCAACAGATTTCGAATATTCTGAAGCAA,ACTTGAACTTATCATCAGGCGAAGGCCTCTCCTCGCGAGA,TCTCGCGAGGAGAGGCCTTCGCCTGATGATAAGTTCAAGT,0,GGCCGTGGACCTTATTGTTCCTAGTTAGCG,331,1986686,4,2,2,2,1,2,3
42,pseudo,2011787,2007835,AAGATAAAGCACCTCAATCCAGGATGGAAGAGGTGGCAAA,GACCCCAAGTGAAGATCTGTTAAGTCAAGTTTACTATTGT,ACAATAGTAAACTTGACTTAACAGATCTTCACTTGGGGTC,0,GTCTACATCTCAAGTACACCGAGTTCTGTG,457,1914073,3,1,2,1,4,1,3
43,pseudo,2068333,2064381,GGTCAATTTCAGCAATTAATTACATTATCCACGCCAAAGT,ATTTGTCATCACAATGATGGTACCTTCTTTCAGACACCAT,ATGGTGTCTGAAAGAAGGTACCATCATTGTGATGACAAAT,0,GCGAATAACTGGAGGACCGTAGTCGAAGCG,316,1857527,4,3,1,2,2,1,2
44,intergenic,2089891,2085939,GACAGTCCTCTTAGCCCCCTCCTTTCCCCGCTCATTCATT,AAACAAATCCATTGCCATAAAATATATAAAAAAGCCCTTG,CAAGGGCTTTTTTATATATTTTATGGCAATGGATTTGTTT,0,GGATTATCAAGGCTCTATCGGAGGAAGGAG,429,1835969,2,2,1,1,4,4,4
45,pseudo,2167711,2163759,GCCGCTATTATTCAGAAAATGTGTCACCTTAGTGATTGTC,CAGTCCTGCTCGTCTATGACGCGCTTAAAGCCAGACACTT,AAGTGTCTGGCTTTAAGCGCGTCATAGACGAGCAGGACTG,0,GTCATACCATACTCTTCCCTCGGCTGGTGG,356,1758149,3,3,3,2,2,2,1
46,pseudo,2228702,2224748,TTAACGCCTGGCGGGTTTCATGCATAGGCGCACACCCGGC,CAGCATCAGTAACAGCGGAAAACAGGCGATGGCTGGATAA,TTATCCAGCCATCGCCTGTTTTCCGCTGTTACTGATGCTG,1,GACCATGTTCGTGTGCGTTGCCGAAGATGG,282,1697158,2,3,3,1,3,1,1
47,intergenic,2290211,2286257,ATTGATGCATTGAGCTTTCATCCTATGAAATTAATTGCTG,TTAAAAGCATTGGGTACAGAAAATACCCATAGCTCCATAC,GTATGGAGCTATGGGTATTTTCTGTACCCAATGCTTTTAA,0,GCCTCACACCTTCCATGCTGCTCTCAAATG,414,1635649,4,1,1,4,4,2,4
48,pseudo,2358096,2354142,TTATGCGTGGCCCATTTTTGCCTGATTTAAACATCGCCAG,TCGTTGATCCAGGGCATCGCTGTAGAGCATCGTGTCAACG,CGTTGACACGATGCTCTACAGCGATGCCCTGGATCAACGA,0,GCGAAAGCGTCTGTTTCATATGGCGACTCG,416,1567764,1,1,2,2,1,4,4
49,intergenic,2407106,2403152,TGATGCAAAGTTATGTTATGTTAGGCAAAGTAATCTTCTA,TTATTAATAAGCACATCAAAACCTTTTTGAATATTAAATA,TATTTAATATTCAAAAAGGTTTTGATGTGCTTATTAATAA,0,GGGCACACTTTACATTAGCCTTAGTGAAAG,437,1518754,1,1,3,1,2,3,1
50,intergenic,2476628,2476001,AGGGGACACCATCCTTGTGTTTATCCCTAAAACCACATAA,AAACCGTAAATTAAATTCGAACTAGCAGGCCGAATAAGGC,GCCTTATTCGGCCTGCTAGTTCGAATTTAATTTACGGTTT,0,GACACTAATCCATTGCTCTTTCATCTCGCG,384,1449232,3,2,3,2,3,3,2
51,intergenic,2508410,2507783,GACCTTGTGAGGGGACACAAAGAAAAATTGAATAAACTGT,ATGATTTAAAAGATTATCGGGAGAGTTACCTCCCGATATA,TATATCGGGAGGTAACTCTCCCGATAATCTTTTAAATCAT,0,GTGCTAAAGTCGTTCAAGGCCTGGCGATAG,364,1417450,1,2,2,3,3,1,3
52,intergenic,2549585,2548958,CGTTCACGCCGCATCCGGCGTGTACAACGCGCACTTGGTC,AACAATCTGAGGCCAGTCAGTAATGTTACTGCCTGGCCTT,AAGGCCAGGCAGTAACATTACTGACTGGCCTCAGATTGTT,0,GGTGCACTGTTCTATCCGAGACGAGCATAG,348,1376275,2,4,2,1,1,3,2
53,intergenic,2591047,2590420,GATACACAGCAACATTTCGAGATATTCATACGGCATCTAA,TACTGATTTAATTCTGGTTAAAATACAGACAGATAACAAG,CTTGTTATCTGTCTGTATTTTAACCAGAATTAAATCAGTA,0,GTACTACACAGATCTCCTTGGTAGCGGACG,353,1334813,3,3,1,3,3,3,1
54,intergenic,2653395,2652768,TAAAAAACCGCCGAATTTGGCGGTTTTTTATTGCTAGTCT,GGTTCGCGGCCTTTCCAGCAGGTTGACTTGTGTTACATGA,TCATGTAACACAAGTCAACCTGCTGGAAAGGCCGCGAACC,0,GTTTGGTTCCTTAGCTTGCCGTTCTTTAGG,374,1272465,3,1,3,4,2,4,3
55,intergenic,2700020,2699393,ATATTTATTTAATTGATGACATTAGCATAATCATTCACTA,AGTTAATTTATATAGTATCTGCCCAGACACTTATTTATAG,CTATAAATAAGTGTCTGGGCAGATACTATATAAATTAACT,0,GTTGTCTATCTGTTAACGCACTATACGAGG,371,1225840,4,3,2,1,3,3,3
56,intergenic,2778037,2777410,ACGGTGTAAGGACAACACCAACAAAAACAGGAAGTTAGAA,GTCTCAGCAAAACACCGACCAGACGGTGAGGAGACATAAA,TTTATGTCTCCTCACCGTCTGGTCGGTGTTTTGCTGAGAC,0,GACGCAAACGACGCCTGTAATGCAAGAGTG,385,1147823,4,3,3,4,1,4,4
57,intergenic,2818831,2818204,AAACGTCAAAAAGAGTGTTTTATCAACAGAAGAATGGAGG,TCTGACAGATAGTAGTAATGCAAAAAAATGGAGACTTAAG,CTTAAGTCTCCATTTTTTTGCATTACTACTATCTGTCAGA,1,GACCGAATGATGCATGTCGATACAAACTAG,283,1107029,4,2,2,4,1,1,2
58,intergenic,2860445,2859818,AAAATAAAGTAGTCTCATGCTTCTTCTGTGAAGCATGAGT,AACCCGGTGTTATTGCAGGCCATTATTCATTTTTCGCTAC,GTAGCGAAAAATGAATAATGGCCTGCAATAACACCGGGTT,0,GAAGTTTGGAGATTTAAGAGCGGGTGTAAG,382,1065415,4,4,2,2,2,2,2
59,intergenic,2887493,2886866,CCCGACGCCATTCTATACCTGATAATTCTTCCCGCGGCGT,TCACGTTTAAAATCAGGAATGCTGCTCGCAAAATAAAAAC,GTTTTTATTTTGCGAGCAGCATTCCTGATTTTAAACGTGA,0,GATGGATTTAGTGGCAGCTTGCGCCGACTG,403,1038367,3,1,2,3,1,2,3
60,intergenic,2947724,2947097,ATTATTGAACACCCTAACGGGTGTTTTTTTGTTTCTGGTC,TCCCATAAAAAAGCGCCATTCAGCGCCTTTTTATCATCCC,GGGATGATAAAAAGGCGCTGAATGGCGCTTTTTTATGGGA,0,GCAGGGTAAAGAGTAATTAATCCATGCCCG,308,978136,1,3,4,2,2,4,3
61,pseudo,2995043,2994416,ATATAAATCAGGATAATGTCCGAGAAATCCAATTATCCCA,TCAATCATAAACGGCTGCTGATCTGAAACTACAATTTTAA,TTAAAATTGTAGTTTCAGATCAGCAGCCGTTTATGATTGA,0,GCCACCGTAATTCTTGGAGTCAATTGAAGG,409,930817,1,2,3,2,1,1,4
62,intergenic,3042391,3041764,GTCTGGGATTTGATGCCTTTATCACAACAGGGACGAGGCC,CGTAGATCGGATAAGGCGTTCACGCCGAATCCGGCAGTTG,CAACTGCCGGATTCGGCGTGAACGCCTTATCCGATCTACG,0,GCGAACAGGAAGGTAGACAGAAGTCTACCG,315,883469,1,1,4,2,4,1,2
63,pseudo,3059496,3058869,CGCAAATAAAGCATACAACGGTCTGGGTATGCCGCTCCAC,GGTGCAAACAGGCGCACCAGTTCACCGTTCGCAAGCCCCT,AGGGGCTTGCGAACGGTGAACTGGTGCGCCTGTTTGCACC,0,GGGCCCGACACAAGCCTTAACTAACTGACG,438,866364,2,1,2,3,2,4,4
64,intergenic,3110516,3109889,TTGCTTTTGGATCTGACAATAACCTTCACGAAAAAAATTA,GCTTATAAAGTCTGGGGGAATTACTCTCGCCACGTTAACG,CGTTAACGTGGCGAGAGTAATTCCCCCAGACTTTATAAGC,0,GATTTCCGTACCAGCAGTTAACCTCGCTGG,404,815344,3,3,1,3,4,1,4
65,pseudo,3147273,3146646,GCATAAACTCAATTGCGGCAAAGAAATCATTCATCAGTTT,GTTGGATCAACCTGCTGTTGCAGCTCACGACCTTTATCAT,ATGATAAAGGTCGTGAGCTGCAACAGCAGGTTGATCCAAC,0,GTGTTATTGTAACTGATCTCTGGCGCCAAG,367,778587,2,2,1,4,2,1,3
66,intergenic,3186006,3185379,TCGCATTTGGCCGGGTTCGCCCGGCCACATCATTAACGGA,TTAATGATAAGTGGATCAGATGTATAAAAAATTAAAATTA,TAATTTTAATTTTTTATACATCTGATCCACTTATCATTAA,0,GATGCTTCCTGAAACGTTGGCGTCGCTAGG,297,739854,4,1,1,1,4,1,1
67,intergenic,3238409,3237782,TACCTGCAAAGGGGAGTAACTTCATTGCCGGTCGATCGTC,ATTACGATGTGTGAAAAAACACATCCGGTCACCGGGCAAC,GTTGCCCGGTGACCGGATGTGTTTTTTCACACATCGTAAT,0,GTCTATTCGTTACTGTCCCGGTAGGGTGGG,360,687451,3,2,3,4,3,2,1
68,intergenic,3269642,3269015,GACTTAATAACTTCTTACAAAGTCTATTATTAATACCGTA,GATATTTATTCATCTTACCCTGTGCACCAAAAGCAAAAAC,GTTTTTGCTTTTGGTGCACAGGGTAAGATGAATAAATATC,0,GTTGTTCATCTACGCATCCCATACTCACAG,474,656218,2,2,4,4,4,2,4
69,intergenic,3322004,3321377,ACCAGCTACGAGTAAAGCAACTGGACGAGATACAGATACC,TGACAACCATTCCTCAGACCAGGACCAAAACGAAAAAAGA,TCTTTTTTCGTTTTGGTCCTGGTCTGAGGAATGGTTGTCA,0,GTTTCAAGCCAGTGTTCAGGAGATCCCGTG,372,603856,1,3,3,4,4,1,3
70,intergenic,3365537,3364910,CTGGCGTTAGCCAGTGGCAAAAATGACAATCCGGGCAGCA,CAGGAACAGCATCAATTAGGGAAGGTGCGAATAAGCGGGG,CCCCGCTTATTCGCACCTTCCCTAATTGATGCTGTTCCTG,0,GGCCGCGGAGCCTGCGAAAGATTATATAAG,330,560323,3,3,2,1,2,3,1
71,intergenic,3418776,3418149,TGCTTTCGAAATAACGCATCAATTTAATTTTCACACTTCC,CACCAGAAATATACTCACGCTAACAATCATTATTCTGCTT,AAGCAGAATAATGATTGTTAGCGTGAGTATATTTCTGGTG,0,GACCGCCCTCCATATCCACGCGAGTATTTG,284,507084,4,2,2,4,4,4,3
72,intergenic,3477882,3477255,CACCGCCACATTATTGAGGCGTAAAAAAAGCGGGGATTCC,CCGCTTTTTTGTCACTTTTTCGGTATTAGTGGCAACCGCA,TGCGGTTGCCACTAATACCGAAAAAGTGACAAAAAAGCGG,0,GGCCATGTAGGTTTGAAATCAAGGTAGAAG,431,447978,4,1,4,3,2,2,1
73,intergenic,3525463,3524836,ATTAAAAAGGCGCTTCGGCGCCTTTTCAGTTTGCTGACAA,AGTGCACTTGTTTATGCCGGATACGGCGTGAACGCGTTAT,ATAACGCGTTCACGCCGTATCCGGCATAAACAAGTGCACT,0,GTAGTGCCCAGACTGTCTTTACCCTCGTCG,354,400397,4,1,2,2,4,3,4
74,intergenic,3563721,3563095,TGAACAAAGCGCACTTTGTCAAAAATCTAACCTACTTTTT,AATTCAGGGAATTACCGCAAAGCCCACGCCATCATACCCA,TGGGTATGATGGCGTGGGCTTTGCGGTAATTCCCTGAATT,0,GTTTCCTGGGACAAGTTTCTTTGTCTGCGG,373,362139,3,3,1,1,3,2,2
75,intergenic,3635962,3635336,GACCATTTGCGTAACGCTGGTTTTTCTTAGGCATCATGAA,ATAACGCAGCATTAATGCATAGTGGTTAAGTATAAAAAAC,GTTTTTTATACTTAACCACTATGCATTAATGCTGCGTTAT,0,GTCATAATTCACATTCGGCATCTCTGCAAG,450,289898,2,3,2,1,1,1,3
76,intergenic,3700341,3699715,GTCAGCACCCGGCAATCTTCCTCATTGCGCGATGCCTTCC,AGCTTAATTTCTTTATTTGCAATAGTTGCAGTTCATATCC,GGATATGAACTGCAACTATTGCAAATAAAGAAATTAAGCT,0,GATTATGTGTTGGCACTCGCTTATGGGATG,300,225519,2,2,3,2,2,1,2
77,CDS,3720965,3720339,TAATCAGGCTGCTGCTCACTTTATGCTTGCTGGTAGTGGT,TCTGTAGCCAGGTGGCTGAAGGTCTATGAAGAGCGCGGAG,CTCCGCGCTCTTCATAGACCTTCAGCCACCTGGCTACAGA,0,GACTTTCTCCGAATCAGGAGTTGTGAGCAG,287,204895,3,1,3,1,3,3,3
78,pseudo,3770121,3769495,CTGCGGCAGAACAAGACGGATAAAAAATCCAATGAGAGCA,CACTCATCCAGAACTTATTAACATAATGAATATTAAAGAA,TTCTTTAATATTCATTATGTTAATAAGTTCTGGATGAGTG,0,GAGAGCATATCATGGCGGTTCAGACAGTTG,390,155739,4,3,3,3,2,3,3
79,intergenic,3817644,3817019,TTCTTCCCCGCAACATTCAATTCTGTTTTGCGTGCCTGCT,CCAGATTTTGCGATGTTTTTTTGCCCAGCACACTGAGAAC,GTTCTCAGTGTGCTGGGCAAAAAAACATCGCAAAATCTGG,0,GGTACTGTTGGTTGAGAGCATCCACACTAG,343,108216,3,4,3,3,4,2,4
80,pseudo,3861261,3860636,CAGAATAGCTTTGGCGACCGAGGCGCTCGGTACCGTTTTC,GACAACGTAATCGCCTGCCACAGGTGCTGATATGAACGCT,AGCGTTCATATCAGCACCTGTGGCAGGCGATTACGTTGTC,0,GACGTCAGTTGTAAATCCACGAGCCGTCGG,387,64599,4,4,4,4,1,2,3
81,intergenic,3895245,3894620,GAGTTAAGATCTAAATAAAAAACCCGCCAGCAATCATGCA,TGGCGGGTTTTTAACGCGCTATCGATTTTAGTGAGCGTCG,CGACGCTCACTAAAATCGATAGCGCGTTAAAAACCCGCCA,0,GGCGAGTATCCCTAGATTATAGTATCGCCG,433,30615,3,3,2,4,3,4,1
82,pseudo,3960236,3959611,AGGTCATTGATAACATTACTGGCTATTTCAACATGCATTC,CACGTTTTAACTTGTCTGGTCGCGAGTGGTTGATAATGGA,TCCATTATCAACCACTCGCGACCAGACAAGTTAAAACGTG,0,GACGTGGAAGCAACATTTCTGCAGACTCCG,285,34376,4,4,1,1,1,4,1
83,intergenic,4003235,4002610,AATTTTACATCCTTGTATGAGTCTCCGGTCAGCATGGCAA,TATGCCCACTCTCATGCAAGAGTCGGCATATTTTTTCAGA,TCTGAAAAAATATGCCGACTCTTGCATGAGAGTGGGCATA,0,GCTTAGTCATACGTGTGGCCTCGATTAAAG,424,77375,4,4,3,4,3,1,4
84,intergenic,4053474,4052849,TCGTTTACAAAGTAGAAAACGAAAGCGCCATCAATGTGCT,GAGAACAAGATTGCCTGATGCGCTGGGCAACAAAACCTGT,ACAGGTTTTGTTGCCCAGCGCATCAGGCAATCTTGTTCTC,0,GGGACTGCATTGCACGTTTCTAAGGGACCG,435,127614,1,3,3,2,1,3,2
85,intergenic,4118301,4117676,TGATTGTACATGATGCATGTTTGTTAGATCATTCGCGCAA,CAAATTTATTAACATTTTCGATTGATGTGGATTATGTCAC,GTGACATAATCCACATCAATCGAAAATGTTAATAAATTTG,0,GTGGCGATTAAGCCCTCAATAGGGACAAGG,462,192441,4,3,4,3,3,4,4
86,intergenic,4158275,4157650,TGTATAAATTTGAGCCTGGCTTATCGCCGGGCTTTTTTAT,GGCAAAAAAAAGCGGATCCTGGAGATCCGCAAAAGTTCAC,GTGAACTTTTGCGGATCTCCAGGATCCGCTTTTTTTTGCC,0,GGCTGTTAGAAATGATCTAACTCAAGCAGG,338,232415,2,1,2,1,2,2,2
87,intergenic,4227578,4226953,AACAAACAGGGCGCTCAATGAGTGCCCTGTCTCTTTATTA,ATATGAAACACTTATACTGGAAACAGGCTGGAATAATCTT,AAGATTATTCCAGCCTGTTTCCAGTATAAGTGTTTCATAT,0,GTGTCCGTGGTACTGGTTCAAGAGTCTACG,464,301718,2,4,4,2,2,4,4
88,pseudo,4252177,4251552,TATATCTACAAATCCAGACATGAGATGTTGCCTGTTAATC,TTACTCAGGAAACACTTTTCAGCTCCAAATCTCATGGTAA,TTACCATGAGATTTGGAGCTGAAAAGTGTTTCCTGAGTAA,0,GGGAGGTAGGCGTTTAAAGACCTGTAATCG,341,326317,1,1,4,1,4,4,4
89,intergenic,4326932,4326309,ATCTTTTTGCCTCTATTTATTATTTAAGATAATGTTAATG,CTCTACTTGTTCTTTTTTTAATTCACATGATATTTTTATC,GATAAAAATATCATGTGAATTAAAAAAAGAACAAGTAGAG,0,GTCTTGTTTGTGTTCCCGCTCGTTCGACGG,363,401072,2,4,1,3,4,4,2
90,pseudo,4362293,4361670,TCTCATTCAGAAAATCTCATCAGTCGCCGTTCAGACCGGT,GTTGTGCTTTATGGATGCGTTACGCTCCTGATGACGTCAT,ATGACGTCATCAGGAGCGTAACGCATCCATAAAGCACAAC,0,GGTTTGTGGTCCGTACTATCTGGTAGGTGG,350,436433,2,3,3,2,3,2,3
91,intergenic,4392228,4391605,GGCGGCGTGATTTTGACGCTAAATTGAACGTCTTGCTGAT,AATTTCAGCACTTGAGATAAAAACGCAAAAAAAACTTTTT,AAAAAGTTTTTTTTGCGTTTTTATCTCAAGTGCTGAAATT,0,GCTTGCTTTCTCATTTCCTCCGAATGTATG,425,466368,3,1,1,2,1,2,1
92,pseudo,4427841,4427218,TTATGCAAAATCACAGCGTCTCTTAGAAATTAACCATGCG,CACTTGCAGTTAATGGAATCCTTATTGGATGAAGGGAAGA,TCTTCCCTTCATCCAATAAGGATTCCATTAACTGCAAGTG,0,GAGGTACTGGAAGCAGTGGCAACTGTAAGG,291,501981,1,2,2,2,2,2,1
93,pseudo,4500192,4499569,AGTTTGTCATCTGTTTTACGGGAAGCGAAGCTGCCTTTCT,TGAGGAAAGTGGCATGCTCCGCATCAGAAGCAATAACAGA,TCTGTTATTGCTTCTGATGCGGAGCATGCCACTTTCCTCA,0,GCGAGTTAGGTGGCCAAATGCAACTTAAAG,417,574332,2,4,1,2,3,1,1
94,pseudo,4534552,4533929,GCTTTGATGAGTGAAAAACCGTTCTCTTTTATTCAGTCAA,TCGTGGCGGTAATTGCTTCAATTGCATATCCCTGGCGAGC,GCTCGCCAGGGATATGCAATTGAAGCAATTACCGCCACGA,0,GGCAATTATCCGGAAATATTCAATAGGCGG,430,608692,1,2,1,1,3,3,1
95,pseudo,4569174,4568551,AACTGGAATCCGCCAGCTTTGTCGATGAAAAATTGCGGGC,GCTACACTCCGATATTTTATGGTCGGTAAAGACCCGCGAA,TTCGCGGGTCTTTACCGACCATAAAATATCGGAGTGTAGC,1,GACTAGCTCCATGCCTTTGAATTAACCCGG,286,643314,1,4,4,4,1,1,1
96,intergenic,4628667,4628044,AGATTAAACAAGGTTTGAAAAAACCTGCACGGGTGACCCG,CCACGAAATTGAGGATGCTAAGGCTGTTGTAGACCGGAAA,TTTCCGGTCTACAACAGCCTTAGCATCCTCAATTTCGTGG,0,GATCTTTGTAAGGATCTAAGATTAGCGCGG,402,702807,2,3,2,3,3,3,2
0,CDS,2119822,2115870,GGGATTACCACAAACGCCAGCGATAATGTTTTAATCAACG,GTGCCAGGTCCGGGTTATTCAGCACGTCGCCGATGAGATC,GATCTCATCGGCGACGTGCTGAATAACCCGGACCTGGCAC,0,GAAATCGGTTGAAACAACTGTGTTACCAGG,275,1806038,1,3,2,2,3,2,2
