id,type,MG1655_ref_genome_location,EL2539_genome_location,homology_5,homology_3,homology_3_rc,first_8_set,BC,codeID,distance_to_ori
1,intergenic,19706,19706,ACATTACCACGATTTTGACTCGGCTCATTATTTGCCCGCT,TGAGACATTGTTTCCATATGTACGCGGGCGAATAAATAGA,TCTATTTATTCGCCCGCGTACATATGGAAACAATGTCTCA,0,GGAGTGCCTTACAATACCGTGATTTCTATG,327,735498
2,intergenic,89106,89106,CCTCTGGCGCGTAGAGTACGGGACTGGACATCAATATGCT,TAAAGTAAATAAGACTATTCCTGACTATTATTGATAAATG,CATTTATCAATAATAGTCAGGAATAGTCTTATTTACTTTA,0,GGCGGGCGTCGAAGATTTGTCACACTTAAG,335,804898
3,intergenic,138683,138683,ATTCGGAAATATGCCCGGATCTCTCCGGGCATTAAACTGA,TGACAAACGCAAATCTGCCTGATGCGCTACGCTTATCAGG,CCTGATAAGCGTAGCGCATCAGGCAGATTTGCGTTTGTCA,0,GAAGCAGCTGGCCCGACAAGACTATATGAG,380,854475
4,intergenic,184205,184205,TGTGATCGCAGAAAGCCTTTTTCTTCCAGACTTCTATCAT,GGCGTAAAAATCAAAAAATTACCTGCTTTATTCTGGTGAT,ATCACCAGAATAAAGCAGGTAATTTTTTGATTTTTACGCC,0,GGCCGTCTCCTAATCTAGGAGGAAGTCTAG,432,899997
5,pseudo,238915,238915,TTGAGCATCGATTTCATTTAAAACAACTGTACACACTATC,CCTGTCAGTAAAATTGCTCCTCCGACAAGAATTACTGGAA,TTCCAGTAATTCTTGTCGGAGGAGCAATTTTACTGACAGG,0,GGTGGGTCTTATATATTCCGTTTGAACGAG,441,954707
6,pseudo,278988,278212,CCACGCGGTTGAGGATGTAAGCCGTCGCTACGCGGGTATC,CGGCGTGACGAGGAACACAATGGCGCTGACGGTGGTAATG,CATTACCACCGTCAGCGCCATTGTGTTCCTCGTCACGCCG,0,GCCGAGAGGCGTGTCAGAATTTATACTCAG,312,994780
7,pseudo,317503,316727,ATGGCACAAATTAGTTCGCTTGATTTGGGTTATGTTGGGG,AGTCGGTAAAACATTTTAATCCTGAATTTGTTCGTGGTTG,CAACCACGAACAAATTCAGGATTAAAATGTTTTACCGACT,0,GCCGGCTAAACGATTCCTGGATCCTACATG,313,1033295
8,intergenic,361200,360424,CCTGCGCTTTGTTCATGCCGGATGCGGCTAATGTAGATCG,CTGAACTTGTAGGCCTGATAAGCGCAGCGTATCAGGCAAT,ATTGCCTGATACGCTGCGCTTATCAGGCCTACAAGTTCAG,0,GCATATCCTTGTGTACGTCACTTTGGCATG,310,1076992
9,pseudo,390696,389920,GGATATGATTTTTACACTGATGCGGTTGTTGATACACACT,GGCGTGATGGTGATGTTTTCACTTTGAACATTGCTAACAC,GTGTTAGCAATGTTCAAAGTGAAAACATCACCATCACGCC,0,GATGATCTGTACCTAGATTCAATCCGACAG,296,1106488
10,intergenic,419261,418485,GATGCTGGCTTATTTTCTTTGCAGTCAAAATACGGGCGTT,AGATTTTACAACGATTGGTGATTTTTTGTTCGCATGATTA,TAATCATGCGAACAAAAAATCACCAATCGTTGTAAAATCT,0,GTTGCCTCCAATCTTTGAGTTCCAAATCAG,370,1135053
11,intergenic,478731,477955,GTAGAGCTGGTATTTCATGAAGTGATGGGTGGAAACGATC,ATTGTCATTTGACCAGGCGCAGAGCTTTACGCCTGGTATG,CATACCAGGCGTAAAGCTCTGCGCCTGGTCAAATGACAAT,1,GAACGTGACGATGGAAGGCATGGACAGGTG,276,1194523
12,intergenic,529635,528859,ATCGAGAACTCCATACAACTTTTTACGGAACGTCACCTGA,TAAAATTTGTTCAGTATCGTCTTTTGAGATTCTCAAGGTT,AACCTTGAGAATCTCAAAAGACGATACTGAACAAATTTTA,0,GATAGCCATGCGGGATGTAAGATAATATCG,292,1245427
13,pseudo,582479,581703,GAAGGTAAGACATGGAAATGGAATCAAATTGACCATGTAA,CGCCGCGGGATAAGGTTCAAAAACATCATGGCTAATTTTA,TAAAATTAGCCATGATGTTTTTGAACCTTATCCCGCGGCG,0,GATATAAGGCGTTACACCAGGATGCAAGAG,293,1298271
14,intergenic,609415,608639,CAGGTCAGGATGGTAAGGCACCTGCTTTACACTTTCGCCC,GTGGTCAGTGATGGCTGCGGGCGAATCGTACCAGATGTTG,CAACATCTGGTACGATTCGCCCGCAGCCATCACTGACCAC,0,GTGTGGTATAAAGCCTGATAGAATGGCTAG,468,1325207
15,intergenic,675535,674759,CCGTAATAGTCTGATTTCGCACAGCAATAAAGAGAATATG,GGCCGAATGAAATTCCCCGGCCCTTGTTTTTATCTCTACA,TGTAGAGATAAAAACAAGGGCCGGGGAATTTCATTCGGCC,0,GGCATCTCGTCAAATAAACCTACCGTCTTG,328,1391327
16,pseudo,716795,716019,GTAATAAAATGGCGAGGCCGGGCCGGATCCTGTTCCAGTT,TTTGTCGCAGATGCCCCATATAATTACGCAAATAGTTGCT,AGCAACTATTTGCGTAATTATATGGGGCATCTGCGACAAA,0,GCGCCGAATGGTTCTGATATCATTCATAGG,317,1432587
17,intergenic,753051,752275,GTTTTTAATTGAAAGTATTGGGTTGCTGATAATTTGAGCT,GTTCTATTCTTTTTAAATATCTATATAGGTCTGTTAATGG,CCATTAACAGACCTATATAGATATTTAAAAAGAATAGAAC,0,GCGATTTCTCACATCCATTCATATCTGGCG,418,1468843
18,intergenic,820655,819879,CATGTGTCGGGATTTTTTTCTTACTAAAAACGACACTTAA,CAAGTACCAGGTATAAAATATGCCTTATGGACGAGCGGAA,TTCCGCTCGTCCATAAGGCATATTTTATACCTGGTACTTG,0,GGACCTGTTTGAGAAACGCCAAGCCTCGAG,325,1536447
19,intergenic,857741,856965,CGCCGCATCAGGCATTAACAAAGCGCATTTGTCAGCAATC,TGAGTAACGTCGAATCGATTTTCTTAATCCCACATCAATT,AATTGATGTGGGATTAAGAAAATCGATTCGACGTTACTCA,0,GATAAAGAGGCCCATCCCTTTCCTACTTCG,398,1573533
20,intergenic,925823,925047,CACAGGTAACATACTCCACCCGCCCACCATGTTCACTGCC,GTACAGACAGATAAAATGCGAAAAAAAAGCTCGCACTTTC,GAAAGTGCGAGCTTTTTTTTCGCATTTTATCTGTCTGTAC,0,GGTGACCGCATGGATGAAGTGGCCTATACG,347,1641615
21,intergenic,950296,949520,TAAGATGTGTTAAAAACGCTGTAGCAGAATGAAGCGCGGA,ATAAAAAAGCGGCAACTCAATAAAGTTGCCGCTTTACGGG,CCCGTAAAGCGGCAACTTTATTGAGTTGCCGCTTTTTTAT,0,GAGGACAAGTCCAAACCGAACCAACTTTAG,289,1666088
22,intergenic,1007651,1006875,TCAAATGAAAATAAGCCCTCAACTTTATGACATGACGCGC,TTATTAGCTATAATGCGCAACAATTTTCTTAGCGCCTGTC,GACAGGCGCTAAGAAAATTGTTGCGCATTATAGCTAATAA,0,GATCTACATAAGCGATGTTCACATTGGCGG,295,1723443
23,intergenic,1050621,1049845,TTGAGTATAACATCCTTGTGAAATCTCCCTTTCCTCATAC,CGCTTGCACTATATACTGCGGGTAGGAAAGGCGCGCAGAG,CTCTGCGCGCCTTTCCTACCCGCAGTATATAGTGCAAGCG,0,GCAGCGGTTCCGACAATCAATGCGTTCTCG,307,1766413
24,intergenic,1095536,1094760,AAGATCAGTGCCTGGCACACGCGTTTGATGGAAGACGGCG,TTCAGGCAATGCGCGATTATCTTGCCGGACTGGATATCGC,GCGATATCCAGTCCGGCAAGATAATCGCGCATTGCCTGAA,1,GAAGGTTGATTCTCCTCTAATACATCTGGG,278,1811328
25,intergenic,1141084,1140308,GCTGGGGCGGGCATTTTTTTGCCTATTTTGCATTGTTGGT,TAGCAAGGATGCCATTCGATGAATTTTAATATGTTGATTC,GAATCAACATATTAAAATTCATCGAATGGCATCCTTGCTA,0,GGGCATGGTATAAGTTATGAGGGATCAACG,342,1856876
26,pseudo,1211528,1210752,ACCGTAACTTATGACTTCGAACGTCTGATGGAAGGCGCTA,AGCTGCTGAAATGTTCAGAGTTTGGTGAAGCGATCATCGA,TCGATGATCGCTTCACCAAACTCTGAACATTTCAGCAGCT,0,GTTAGATACTCGAGTGTTATCGAAGCAGGG,369,1927320
27,intergenic,1247573,1246797,GTGATCAAATAACGTCTGTTTATTAGCCAGCCAGCGGCGT,TGGGTTCGTGATTAGCGAAGAAAAATCATCATAAATTGGT,ACCAATTTATGATGATTTTTCTTCGCTAATCACGAACCCA,0,GGGAGCAAGAGAGAGATACTGTGCCATCCG,436,1963365
28,pseudo,1294874,1294098,CATAACCGGGTAGGCGTTCTGCCGCTTAGTGGATGTGTTG,GCAGACCCATAATATTCACGCAGCTCGGGTTTATCAGGTG,CACCTGATAAACCCGAGCTGCGTGAATATTATGGGTCTGC,0,GTCCGATTCGCTTTCTTGAAGCATCCGGTG,359,2010666
29,intergenic,1343534,1341559,TGAGAGTGTTAATAACAGGTAAATAGTCTTAATTATCAAC,CAGGAATCATCTTAGAGCGGATGATTTGCCAAACTGCAAA,TTTGCAGTTTGGCAAATCATCCGCTCTAAGATGATTCCTG,0,GAGGGACAGCATAACCTCTTGGGCTTAGCG,395,2059326
30,pseudo,1381955,1379980,GGCATTCCCCCAGGATAATACAAGGAACAATAATGAAAAA,GTTATTACCCTGTACCGCACTGGTGATGTGTGCGGGAATG,CATTCCCGCACACATCACCAGTGCGGTACAGGGTAATAAC,0,GGCTGAATCGAAAGCAGCGTCTTAGGTGTG,337,2097747
31,pseudo,1434983,1433008,TGATTTTTGCCCTTACTTGTTCAGGTTGTATTGTTCTTTC,TTACTAATTTCTTGATTTTGCGACATTTAAAAGCGACTCA,TGAGTCGCTTTTAAATGTCGCAAAATCAAGAAATTAGTAA,0,GTCATGGGATACTGTCAAATCTGCAGCTGG,357,2150775
32,pseudo,1490213,1488238,CAGTATAGGCATGAATGGTCGTCATCGTGCCGACTTCTAT,CCCGAAACTGTCATGCAAGGCTTTGGCCATCGGCGCAAGA,TCTTGCGCCGATGGCCAAAGCCTTGCATGACAGTTTCGGG,0,GAGACCTCTTGTCAACGACGTGGGCATTGG,388,2206005
33,intergenic,1544332,1542357,TTCAACCCTTCAGATCGTGAATCTAAAGGGTTACATATTA,ACTATATTATCAACAAGACCAGACACTTATAGAATTAGTG,CACTAATTCTATAAGTGTCTGGTCTTGTTGATAATATAGT,0,GTTCCCGCTAGCCACCTAATTGAGACTGGG,471,2260124
34,pseudo,1595375,1593400,GTTCCAGCAAATTGAGCGTCGTCAGAGGGTTATTCGCCAT,GGGATCATTCCACGGTTTAGGCACGTCGATAAGCACGTCG,CGACGTGCTTATCGACGTGCCTAAACCGTGGAATGATCCC,0,GCATCTCATACTACCTACTGTTTCCATCTG,311,2311167
35,intergenic,1637533,1635558,ACTGCATTGGTTTAATAAAAACCATCAACAATTGTGATTT,AGATATTCGGAACCATTCAAATATAACAAAACCCCGTAAA,TTTACGGGGTTTTGTTATATTTGAATGGTTCCGAATATCT,1,GAATTACACAAAGGAACGGTCATTTGGCCG,280,2288327
36,intergenic,1691393,1689418,AGCAGTAATTCACGGCCAAAACGCCGGAGAATTTTCACTC,CGGCGTTTTCATCTGAAAACAAACCAGAGATTGCCTGATG,CATCAGGCAATCTCTGGTTTGTTTTCAGATGAAAACGCCG,0,GCTTTAACTTCAAGCAAAGCAGGGCCCAAG,426,2234467
37,intergenic,1746351,1743175,AAAATATAGCCAATTTGCTTAAAAGCTCTGCAAACGGTCG,AAATAGCGCAGAAAATTACGTTTTGCCTCTTGCCACCTTC,GAAGGTGGCAAGAGGCAAAACGTAATTTTCTGCGCTATTT,0,GAACGTTCCCAAAGCCAGAACAGCACGGTG,378,2179509
38,intergenic,1770230,1767054,CTCATCAGGCGGCTCTGCCGCCTGATTGTTAACCACCGCT,AATTGATATTTGCTTGCTCTTCCCCATATTTTCCTGCTTA,TAAGCAGGAAAATATGGGGAAGAGCAAGCAAATATCAATT,0,GGTGCGTGGATAAAGGTGATTACCATCTAG,349,2155630
39,intergenic,1843762,1840586,ATGCCTGATGGCGCTACGCTTATCAGGCCTACAAATGGGC,ACAATTCATTGCAGTTACGCTCTAATGTAGGCCGGGCAAG,CTTGCCCGGCCTACATTAGAGCGTAACTGCAATGAATTGT,0,GAGTCATCAGTTTAAGGTCGTACAATAGGG,397,2082098
40,intergenic,1893823,1890647,GAGAATAAGATATTACTGTTGATGCTTCTGCTAATTCATT,ATTTATATTTATAATTTCAATTTTATCTATAAAACTAACT,AGTTAGTTTTATAGATAAAATTGAAATTATAAATATAAAT,0,GTCCTAAGGATATACGTAATCTGAGGAAGG,454,2032037
41,intergenic,1939174,1935998,TTCAATGATAGTTCAACAGATTTCGAATATTCTGAAGCAA,ACTTGAACTTATCATCAGGCGAAGGCCTCTCCTCGCGAGA,TCTCGCGAGGAGAGGCCTTCGCCTGATGATAAGTTCAAGT,0,GGCCGTGGACCTTATTGTTCCTAGTTAGCG,331,1986686
42,pseudo,2011787,2007835,AAGATAAAGCACCTCAATCCAGGATGGAAGAGGTGGCAAA,GACCCCAAGTGAAGATCTGTTAAGTCAAGTTTACTATTGT,ACAATAGTAAACTTGACTTAACAGATCTTCACTTGGGGTC,0,GTCTACATCTCAAGTACACCGAGTTCTGTG,457,1914073
43,pseudo,2068333,2064381,GGTCAATTTCAGCAATTAATTACATTATCCACGCCAAAGT,ATTTGTCATCACAATGATGGTACCTTCTTTCAGACACCAT,ATGGTGTCTGAAAGAAGGTACCATCATTGTGATGACAAAT,0,GCGAATAACTGGAGGACCGTAGTCGAAGCG,316,1857527
44,intergenic,2089891,2085939,GACAGTCCTCTTAGCCCCCTCCTTTCCCCGCTCATTCATT,AAACAAATCCATTGCCATAAAATATATAAAAAAGCCCTTG,CAAGGGCTTTTTTATATATTTTATGGCAATGGATTTGTTT,0,GGATTATCAAGGCTCTATCGGAGGAAGGAG,429,1835969
0,CDS,2119822,2115870,GGGATTACCACAAACGCCAGCGATAATGTTTTAATCAACG,GTGCCAGGTCCGGGTTATTCAGCACGTCGCCGATGAGATC,GATCTCATCGGCGACGTGCTGAATAACCCGGACCTGGCAC,0,GCACCCTTCTGAGAGAGCAATCTGCGAAAG,303,1806038
45,pseudo,2167711,2163759,GCCGCTATTATTCAGAAAATGTGTCACCTTAGTGATTGTC,CAGTCCTGCTCGTCTATGACGCGCTTAAAGCCAGACACTT,AAGTGTCTGGCTTTAAGCGCGTCATAGACGAGCAGGACTG,0,GTCATACCATACTCTTCCCTCGGCTGGTGG,356,1758149
46,pseudo,2228702,2224748,TTAACGCCTGGCGGGTTTCATGCATAGGCGCACACCCGGC,CAGCATCAGTAACAGCGGAAAACAGGCGATGGCTGGATAA,TTATCCAGCCATCGCCTGTTTTCCGCTGTTACTGATGCTG,1,GACAATGATTACCCACCTCTCGTTAGAAGG,281,1697158
47,intergenic,2290211,2286257,ATTGATGCATTGAGCTTTCATCCTATGAAATTAATTGCTG,TTAAAAGCATTGGGTACAGAAAATACCCATAGCTCCATAC,GTATGGAGCTATGGGTATTTTCTGTACCCAATGCTTTTAA,0,GCCTCACACCTTCCATGCTGCTCTCAAATG,414,1635649
48,pseudo,2358096,2354142,TTATGCGTGGCCCATTTTTGCCTGATTTAAACATCGCCAG,TCGTTGATCCAGGGCATCGCTGTAGAGCATCGTGTCAACG,CGTTGACACGATGCTCTACAGCGATGCCCTGGATCAACGA,0,GCGAAAGCGTCTGTTTCATATGGCGACTCG,416,1567764
49,intergenic,2407106,2403152,TGATGCAAAGTTATGTTATGTTAGGCAAAGTAATCTTCTA,TTATTAATAAGCACATCAAAACCTTTTTGAATATTAAATA,TATTTAATATTCAAAAAGGTTTTGATGTGCTTATTAATAA,0,GGGCACACTTTACATTAGCCTTAGTGAAAG,437,1518754
50,intergenic,2476628,2476001,AGGGGACACCATCCTTGTGTTTATCCCTAAAACCACATAA,AAACCGTAAATTAAATTCGAACTAGCAGGCCGAATAAGGC,GCCTTATTCGGCCTGCTAGTTCGAATTTAATTTACGGTTT,0,GACACTAATCCATTGCTCTTTCATCTCGCG,384,1449232
51,intergenic,2508410,2507783,GACCTTGTGAGGGGACACAAAGAAAAATTGAATAAACTGT,ATGATTTAAAAGATTATCGGGAGAGTTACCTCCCGATATA,TATATCGGGAGGTAACTCTCCCGATAATCTTTTAAATCAT,0,GTGCTAAAGTCGTTCAAGGCCTGGCGATAG,364,1417450
52,intergenic,2549585,2548958,CGTTCACGCCGCATCCGGCGTGTACAACGCGCACTTGGTC,AACAATCTGAGGCCAGTCAGTAATGTTACTGCCTGGCCTT,AAGGCCAGGCAGTAACATTACTGACTGGCCTCAGATTGTT,0,GGTGCACTGTTCTATCCGAGACGAGCATAG,348,1376275
53,intergenic,2591047,2590420,GATACACAGCAACATTTCGAGATATTCATACGGCATCTAA,TACTGATTTAATTCTGGTTAAAATACAGACAGATAACAAG,CTTGTTATCTGTCTGTATTTTAACCAGAATTAAATCAGTA,0,GTACTACACAGATCTCCTTGGTAGCGGACG,353,1334813
54,intergenic,2653395,2652768,TAAAAAACCGCCGAATTTGGCGGTTTTTTATTGCTAGTCT,GGTTCGCGGCCTTTCCAGCAGGTTGACTTGTGTTACATGA,TCATGTAACACAAGTCAACCTGCTGGAAAGGCCGCGAACC,0,GTTTGGTTCCTTAGCTTGCCGTTCTTTAGG,374,1272465
55,intergenic,2700020,2699393,ATATTTATTTAATTGATGACATTAGCATAATCATTCACTA,AGTTAATTTATATAGTATCTGCCCAGACACTTATTTATAG,CTATAAATAAGTGTCTGGGCAGATACTATATAAATTAACT,0,GTTGTCTATCTGTTAACGCACTATACGAGG,371,1225840
56,intergenic,2778037,2777410,ACGGTGTAAGGACAACACCAACAAAAACAGGAAGTTAGAA,GTCTCAGCAAAACACCGACCAGACGGTGAGGAGACATAAA,TTTATGTCTCCTCACCGTCTGGTCGGTGTTTTGCTGAGAC,0,GACGCAAACGACGCCTGTAATGCAAGAGTG,385,1147823
57,intergenic,2818831,2818204,AAACGTCAAAAAGAGTGTTTTATCAACAGAAGAATGGAGG,TCTGACAGATAGTAGTAATGCAAAAAAATGGAGACTTAAG,CTTAAGTCTCCATTTTTTTGCATTACTACTATCTGTCAGA,1,GACCATGTTCGTGTGCGTTGCCGAAGATGG,282,1107029
58,intergenic,2860445,2859818,AAAATAAAGTAGTCTCATGCTTCTTCTGTGAAGCATGAGT,AACCCGGTGTTATTGCAGGCCATTATTCATTTTTCGCTAC,GTAGCGAAAAATGAATAATGGCCTGCAATAACACCGGGTT,0,GAAGTTTGGAGATTTAAGAGCGGGTGTAAG,382,1065415
59,intergenic,2887493,2886866,CCCGACGCCATTCTATACCTGATAATTCTTCCCGCGGCGT,TCACGTTTAAAATCAGGAATGCTGCTCGCAAAATAAAAAC,GTTTTTATTTTGCGAGCAGCATTCCTGATTTTAAACGTGA,0,GATGGATTTAGTGGCAGCTTGCGCCGACTG,403,1038367
60,intergenic,2947724,2947097,ATTATTGAACACCCTAACGGGTGTTTTTTTGTTTCTGGTC,TCCCATAAAAAAGCGCCATTCAGCGCCTTTTTATCATCCC,GGGATGATAAAAAGGCGCTGAATGGCGCTTTTTTATGGGA,0,GCAGGGTAAAGAGTAATTAATCCATGCCCG,308,978136
61,pseudo,2995043,2994416,ATATAAATCAGGATAATGTCCGAGAAATCCAATTATCCCA,TCAATCATAAACGGCTGCTGATCTGAAACTACAATTTTAA,TTAAAATTGTAGTTTCAGATCAGCAGCCGTTTATGATTGA,0,GCCACCGTAATTCTTGGAGTCAATTGAAGG,409,930817
62,intergenic,3042391,3041764,GTCTGGGATTTGATGCCTTTATCACAACAGGGACGAGGCC,CGTAGATCGGATAAGGCGTTCACGCCGAATCCGGCAGTTG,CAACTGCCGGATTCGGCGTGAACGCCTTATCCGATCTACG,0,GCGAACAGGAAGGTAGACAGAAGTCTACCG,315,883469
63,pseudo,3059496,3058869,CGCAAATAAAGCATACAACGGTCTGGGTATGCCGCTCCAC,GGTGCAAACAGGCGCACCAGTTCACCGTTCGCAAGCCCCT,AGGGGCTTGCGAACGGTGAACTGGTGCGCCTGTTTGCACC,0,GGGCCCGACACAAGCCTTAACTAACTGACG,438,866364
64,intergenic,3110516,3109889,TTGCTTTTGGATCTGACAATAACCTTCACGAAAAAAATTA,GCTTATAAAGTCTGGGGGAATTACTCTCGCCACGTTAACG,CGTTAACGTGGCGAGAGTAATTCCCCCAGACTTTATAAGC,0,GATTTCCGTACCAGCAGTTAACCTCGCTGG,404,815344
65,pseudo,3147273,3146646,GCATAAACTCAATTGCGGCAAAGAAATCATTCATCAGTTT,GTTGGATCAACCTGCTGTTGCAGCTCACGACCTTTATCAT,ATGATAAAGGTCGTGAGCTGCAACAGCAGGTTGATCCAAC,0,GTGTTATTGTAACTGATCTCTGGCGCCAAG,367,778587
66,intergenic,3186006,3185379,TCGCATTTGGCCGGGTTCGCCCGGCCACATCATTAACGGA,TTAATGATAAGTGGATCAGATGTATAAAAAATTAAAATTA,TAATTTTAATTTTTTATACATCTGATCCACTTATCATTAA,0,GATGCTTCCTGAAACGTTGGCGTCGCTAGG,297,739854
67,intergenic,3238409,3237782,TACCTGCAAAGGGGAGTAACTTCATTGCCGGTCGATCGTC,ATTACGATGTGTGAAAAAACACATCCGGTCACCGGGCAAC,GTTGCCCGGTGACCGGATGTGTTTTTTCACACATCGTAAT,0,GTCTATTCGTTACTGTCCCGGTAGGGTGGG,360,687451
68,intergenic,3269642,3269015,GACTTAATAACTTCTTACAAAGTCTATTATTAATACCGTA,GATATTTATTCATCTTACCCTGTGCACCAAAAGCAAAAAC,GTTTTTGCTTTTGGTGCACAGGGTAAGATGAATAAATATC,0,GTTGTTCATCTACGCATCCCATACTCACAG,474,656218
69,intergenic,3322004,3321377,ACCAGCTACGAGTAAAGCAACTGGACGAGATACAGATACC,TGACAACCATTCCTCAGACCAGGACCAAAACGAAAAAAGA,TCTTTTTTCGTTTTGGTCCTGGTCTGAGGAATGGTTGTCA,0,GTTTCAAGCCAGTGTTCAGGAGATCCCGTG,372,603856
70,intergenic,3365537,3364910,CTGGCGTTAGCCAGTGGCAAAAATGACAATCCGGGCAGCA,CAGGAACAGCATCAATTAGGGAAGGTGCGAATAAGCGGGG,CCCCGCTTATTCGCACCTTCCCTAATTGATGCTGTTCCTG,0,GGCCGCGGAGCCTGCGAAAGATTATATAAG,330,560323
71,intergenic,3418776,3418149,TGCTTTCGAAATAACGCATCAATTTAATTTTCACACTTCC,CACCAGAAATATACTCACGCTAACAATCATTATTCTGCTT,AAGCAGAATAATGATTGTTAGCGTGAGTATATTTCTGGTG,0,GACTAGCTCCATGCCTTTGAATTAACCCGG,286,507084
72,intergenic,3477882,3477255,CACCGCCACATTATTGAGGCGTAAAAAAAGCGGGGATTCC,CCGCTTTTTTGTCACTTTTTCGGTATTAGTGGCAACCGCA,TGCGGTTGCCACTAATACCGAAAAAGTGACAAAAAAGCGG,0,GGCCATGTAGGTTTGAAATCAAGGTAGAAG,431,447978
73,intergenic,3525463,3524836,ATTAAAAAGGCGCTTCGGCGCCTTTTCAGTTTGCTGACAA,AGTGCACTTGTTTATGCCGGATACGGCGTGAACGCGTTAT,ATAACGCGTTCACGCCGTATCCGGCATAAACAAGTGCACT,0,GTAGTGCCCAGACTGTCTTTACCCTCGTCG,354,400397
74,intergenic,3563721,3563095,TGAACAAAGCGCACTTTGTCAAAAATCTAACCTACTTTTT,AATTCAGGGAATTACCGCAAAGCCCACGCCATCATACCCA,TGGGTATGATGGCGTGGGCTTTGCGGTAATTCCCTGAATT,0,GTTTCCTGGGACAAGTTTCTTTGTCTGCGG,373,362139
75,intergenic,3635962,3635336,GACCATTTGCGTAACGCTGGTTTTTCTTAGGCATCATGAA,ATAACGCAGCATTAATGCATAGTGGTTAAGTATAAAAAAC,GTTTTTTATACTTAACCACTATGCATTAATGCTGCGTTAT,0,GTCATAATTCACATTCGGCATCTCTGCAAG,450,289898
76,intergenic,3700341,3699715,GTCAGCACCCGGCAATCTTCCTCATTGCGCGATGCCTTCC,AGCTTAATTTCTTTATTTGCAATAGTTGCAGTTCATATCC,GGATATGAACTGCAACTATTGCAAATAAAGAAATTAAGCT,0,GATTATGTGTTGGCACTCGCTTATGGGATG,300,225519
77,CDS,3720965,3720339,TAATCAGGCTGCTGCTCACTTTATGCTTGCTGGTAGTGGT,TCTGTAGCCAGGTGGCTGAAGGTCTATGAAGAGCGCGGAG,CTCCGCGCTCTTCATAGACCTTCAGCCACCTGGCTACAGA,0,GACTTTCTCCGAATCAGGAGTTGTGAGCAG,287,204895
78,pseudo,3770121,3769495,CTGCGGCAGAACAAGACGGATAAAAAATCCAATGAGAGCA,CACTCATCCAGAACTTATTAACATAATGAATATTAAAGAA,TTCTTTAATATTCATTATGTTAATAAGTTCTGGATGAGTG,0,GAGAGCATATCATGGCGGTTCAGACAGTTG,390,155739
79,intergenic,3817644,3817019,TTCTTCCCCGCAACATTCAATTCTGTTTTGCGTGCCTGCT,CCAGATTTTGCGATGTTTTTTTGCCCAGCACACTGAGAAC,GTTCTCAGTGTGCTGGGCAAAAAAACATCGCAAAATCTGG,0,GGTACTGTTGGTTGAGAGCATCCACACTAG,343,108216
80,pseudo,3861261,3860636,CAGAATAGCTTTGGCGACCGAGGCGCTCGGTACCGTTTTC,GACAACGTAATCGCCTGCCACAGGTGCTGATATGAACGCT,AGCGTTCATATCAGCACCTGTGGCAGGCGATTACGTTGTC,0,GACGTCAGTTGTAAATCCACGAGCCGTCGG,387,64599
81,intergenic,3895245,3894620,GAGTTAAGATCTAAATAAAAAACCCGCCAGCAATCATGCA,TGGCGGGTTTTTAACGCGCTATCGATTTTAGTGAGCGTCG,CGACGCTCACTAAAATCGATAGCGCGTTAAAAACCCGCCA,0,GGCGAGTATCCCTAGATTATAGTATCGCCG,433,30615
82,pseudo,3960236,3959611,AGGTCATTGATAACATTACTGGCTATTTCAACATGCATTC,CACGTTTTAACTTGTCTGGTCGCGAGTGGTTGATAATGGA,TCCATTATCAACCACTCGCGACCAGACAAGTTAAAACGTG,0,GTCTAAACGCTTTCGACCGGATTAAAGGAG,456,34376
83,intergenic,4003235,4002610,AATTTTACATCCTTGTATGAGTCTCCGGTCAGCATGGCAA,TATGCCCACTCTCATGCAAGAGTCGGCATATTTTTTCAGA,TCTGAAAAAATATGCCGACTCTTGCATGAGAGTGGGCATA,0,GCTTAGTCATACGTGTGGCCTCGATTAAAG,424,77375
84,intergenic,4053474,4052849,TCGTTTACAAAGTAGAAAACGAAAGCGCCATCAATGTGCT,GAGAACAAGATTGCCTGATGCGCTGGGCAACAAAACCTGT,ACAGGTTTTGTTGCCCAGCGCATCAGGCAATCTTGTTCTC,0,GGGACTGCATTGCACGTTTCTAAGGGACCG,435,127614
85,intergenic,4118301,4117676,TGATTGTACATGATGCATGTTTGTTAGATCATTCGCGCAA,CAAATTTATTAACATTTTCGATTGATGTGGATTATGTCAC,GTGACATAATCCACATCAATCGAAAATGTTAATAAATTTG,0,GTGGCGATTAAGCCCTCAATAGGGACAAGG,462,192441
86,intergenic,4158275,4157650,TGTATAAATTTGAGCCTGGCTTATCGCCGGGCTTTTTTAT,GGCAAAAAAAAGCGGATCCTGGAGATCCGCAAAAGTTCAC,GTGAACTTTTGCGGATCTCCAGGATCCGCTTTTTTTTGCC,0,GGCTGTTAGAAATGATCTAACTCAAGCAGG,338,232415
87,intergenic,4227578,4226953,AACAAACAGGGCGCTCAATGAGTGCCCTGTCTCTTTATTA,ATATGAAACACTTATACTGGAAACAGGCTGGAATAATCTT,AAGATTATTCCAGCCTGTTTCCAGTATAAGTGTTTCATAT,0,GTGTCCGTGGTACTGGTTCAAGAGTCTACG,464,301718
88,pseudo,4252177,4251552,TATATCTACAAATCCAGACATGAGATGTTGCCTGTTAATC,TTACTCAGGAAACACTTTTCAGCTCCAAATCTCATGGTAA,TTACCATGAGATTTGGAGCTGAAAAGTGTTTCCTGAGTAA,0,GGGAGGTAGGCGTTTAAAGACCTGTAATCG,341,326317
89,intergenic,4326932,4326309,ATCTTTTTGCCTCTATTTATTATTTAAGATAATGTTAATG,CTCTACTTGTTCTTTTTTTAATTCACATGATATTTTTATC,GATAAAAATATCATGTGAATTAAAAAAAGAACAAGTAGAG,0,GTCTTGTTTGTGTTCCCGCTCGTTCGACGG,363,401072
90,pseudo,4362293,4361670,TCTCATTCAGAAAATCTCATCAGTCGCCGTTCAGACCGGT,GTTGTGCTTTATGGATGCGTTACGCTCCTGATGACGTCAT,ATGACGTCATCAGGAGCGTAACGCATCCATAAAGCACAAC,0,GGTTTGTGGTCCGTACTATCTGGTAGGTGG,350,436433
91,intergenic,4392228,4391605,GGCGGCGTGATTTTGACGCTAAATTGAACGTCTTGCTGAT,AATTTCAGCACTTGAGATAAAAACGCAAAAAAAACTTTTT,AAAAAGTTTTTTTTGCGTTTTTATCTCAAGTGCTGAAATT,0,GCTTGCTTTCTCATTTCCTCCGAATGTATG,425,466368
92,pseudo,4427841,4427218,TTATGCAAAATCACAGCGTCTCTTAGAAATTAACCATGCG,CACTTGCAGTTAATGGAATCCTTATTGGATGAAGGGAAGA,TCTTCCCTTCATCCAATAAGGATTCCATTAACTGCAAGTG,0,GAGGTACTGGAAGCAGTGGCAACTGTAAGG,291,501981
93,pseudo,4500192,4499569,AGTTTGTCATCTGTTTTACGGGAAGCGAAGCTGCCTTTCT,TGAGGAAAGTGGCATGCTCCGCATCAGAAGCAATAACAGA,TCTGTTATTGCTTCTGATGCGGAGCATGCCACTTTCCTCA,0,GCGAGTTAGGTGGCCAAATGCAACTTAAAG,417,574332
94,pseudo,4534552,4533929,GCTTTGATGAGTGAAAAACCGTTCTCTTTTATTCAGTCAA,TCGTGGCGGTAATTGCTTCAATTGCATATCCCTGGCGAGC,GCTCGCCAGGGATATGCAATTGAAGCAATTACCGCCACGA,0,GGCAATTATCCGGAAATATTCAATAGGCGG,430,608692
95,pseudo,4569174,4568551,AACTGGAATCCGCCAGCTTTGTCGATGAAAAATTGCGGGC,GCTACACTCCGATATTTTATGGTCGGTAAAGACCCGCGAA,TTCGCGGGTCTTTACCGACCATAAAATATCGGAGTGTAGC,1,GACCGAATGATGCATGTCGATACAAACTAG,283,643314
96,intergenic,4628667,4628044,AGATTAAACAAGGTTTGAAAAAACCTGCACGGGTGACCCG,CCACGAAATTGAGGATGCTAAGGCTGTTGTAGACCGGAAA,TTTCCGGTCTACAACAGCCTTAGCATCCTCAATTTCGTGG,0,GATCTTTGTAAGGATCTAAGATTAGCGCGG,402,702807
